current,voltage
0,0
18.293,0.030621
100.17,0.03711
200.78,0.048061
300.96,0.064081
500.87,0.10038
